{"cameraMode":{"drawMode":0,"name":"Shaded","section":"Shading Mode"},"sceneLighting":true,"audioPlay":false,"sceneViewState":{"showFog":true,"showMaterialUpdate":false,"showSkybox":true,"showFlares":true,"showImageEffects":true,"showParticleSystems":true},"in2DMode":false,"pivot":{"x":3.1961042881011965,"y":4.983768939971924,"z":-1.0912179946899415},"rotation":{"x":0.3018426299095154,"y":0.16339054703712464,"z":-0.05259054899215698,"w":0.9377798438072205},"size":5.391548156738281,"orthographic":false}